,X1,X2,labels,Name,Position,PPG,APG,RPG,,,,,,,,,
1,0.154378744,-1.208253262,3-D Players,Quincy Acy,F,1.7,0.8,2.5,,,labels,Name,labels,Name,labels,Name,
12,1.517992936,-1.864732114,3-D Players,AlFarouq Aminu,F,9.4,1.3,7.5,,,3-D Players,AlFarouq Aminu,Combo Guards,D.J. Augustin,Defensive Centers,Jarrett Allen,
18,1.008989986,-1.793567867,3-D Players,Carmelo Anthony,F,13.4,0.5,5.4,,,3-D Players,Carmelo Anthony,Combo Guards,J.J. Barea,Defensive Centers,Andrew Bogut,
46,0.853406776,-0.433918196,3-D Players,Dragan Bender,F,5,1.2,4,,,3-D Players,Dragan Bender,Combo Guards,Jerryd Bayless,Defensive Centers,Clint Capela,
47,0.307019412,-0.869647355,3-D Players,Davis Bertans,F,8,1.3,3.5,,,3-D Players,Davis Bertans,Combo Guards,Eric Bledsoe,Defensive Centers,Tyson Chandler,
52,1.526193623,-0.600413287,3-D Players,Nemanja Bjelica,F,9.6,1.9,5.8,,,3-D Players,Nemanja Bjelica,Combo Guards,Devin Booker,Defensive Centers,Anthony Davis,
55,0.832733921,-1.18377827,3-D Players,Jaron Blossomgame,F,4.2,0.5,3.6,,,,,,,,,
67,0.280313757,-0.766235868,3-D Players,Miles Bridges,F,7.5,1.2,4.1,,,labels,Name,labels,Name,labels,Name,
91,1.164994634,-0.524623209,3-D Players,Bruno Caboclo,F,8.3,1.5,4.6,,,Offensive Centers,Richaun Holmes,Playmaker,Alex Caruso,Shooter,Joe Harris,
97,0.41314007,-1.402693852,3-D Players,DeMarre Carroll,F,11.1,1.3,5.2,,,Offensive Centers,Al Horford,Playmaker,Ian Clark,Shooter,Josh Hart,
100,0.242542256,-0.642926527,3-D Players,Vince Carter,GF,7.4,1.1,2.6,,,Offensive Centers,Amile Jefferson,Playmaker,Jordan Clarkson,Shooter,Mario Hezonja,
104,1.194275002,-0.526644516,3-D Players,Omri Casspi,F,6.3,0.7,3.2,,,Offensive Centers,Nikola Jokic,Playmaker,Stephen Curry,Shooter,Buddy Hield,
105,1.604119141,-0.945418129,3-D Players,Willie CauleyStein,C,11.9,2.4,8.4,,,Offensive Centers,Damian Jones,Playmaker,Jacob Evans,Shooter,George Hill,
109,0.532998453,-0.75026147,3-D Players,Wilson Chandler,F,6.7,2,4.6,,,,,,,,,
110,0.288900313,-1.307159022,3-D Players,Wilson Chandler,F,4.3,0.7,3.1,,,labels,Name,labels,Name,,,
112,0.755671409,-0.422128451,3-D Players,Marquese Chriss,F,1.8,0.4,1.8,,,Stretch Big,Paul Millsap,Versatile Forwards,Luka Doncic,,,
113,1.038298297,-1.300667527,3-D Players,Marquese Chriss,F,5.7,0.6,4.2,,,Stretch Big,Nikola Mirotic,Versatile Forwards,PJ Dozier,,,
114,0.127106679,-1.893742625,3-D Players,Gary Clark,F,2.9,0.4,2.3,,,Stretch Big,Greg Monroe,Versatile Forwards,Kevin Durant,,,
120,0.682298916,-1.748395996,3-D Players,Bonzie Colson,F,4.9,0.4,3.8,,,Stretch Big,Larry Nance Jr.,Versatile Forwards,Channing Frye,,,
125,1.176398086,-1.463419841,3-D Players,Robert Covington,F,11.3,1.1,5.2,,,Stretch Big,Jahlil Okafor,Versatile Forwards,Aaron Gordon,,,
126,0.188679037,-1.845362333,3-D Players,Robert Covington,F,14.5,1.5,5.7,,,,,,,,,
128,0.612374349,-0.832375245,3-D Players,Torrey Craig,F,5.7,1,3.5,,,,,,,,,
130,-0.116874041,-1.465830426,3-D Players,Jae Crowder,F,11.9,1.7,4.8,,,,,,,,,
131,0.813376063,-0.995593298,3-D Players,Dante Cunningham,F,3,0.8,2.9,,,,,,,,,
143,0.794841597,-0.643459799,3-D Players,Luol Deng,F,7.1,0.8,3.3,,,,,,,,,
145,0.479258172,-0.619913121,3-D Players,Marcus Derrickson,F,4.2,0.1,1.2,,,,,,,,,
161,0.164249444,-0.883240958,3-D Players,Henry Ellenson,F,6,0.9,3.4,,,,,,,,,
165,0.001420597,-1.22179331,3-D Players,James Ennis III,F,7.4,0.7,2.9,,,,,,,,,
166,1.047741413,-0.699916647,3-D Players,James Ennis III,F,5.3,0.8,3.6,,,,,,,,,
179,0.33836654,-1.298065782,3-D Players,Dorian FinneySmith,F,7.5,1.2,4.8,,,,,,,,,
189,0.441746122,-0.653013149,3-D Players,Danilo Gallinari,F,19.8,2.6,6.1,,,,,,,,,
194,1.40655645,-0.49643522,3-D Players,Rudy Gay,F,13.7,2.6,6.8,,,,,,,,,
206,0.923084723,-1.137036665,3-D Players,Jerami Grant,F,13.6,1,5.2,,,,,,,,,
208,0.333071163,-1.185085104,3-D Players,Danny Green,GF,10.3,1.6,4,,,,,,,,,
213,0.350795237,-0.715175721,3-D Players,Jeff Green,F,12.3,1.8,4,,,,,,,,,
219,0.807082268,-0.600698011,3-D Players,Maurice Harkless,F,7.7,1.2,4.5,,,,,,,,,
227,0.747975067,-1.09071816,3-D Players,Tobias Harris,F,20.9,2.7,7.8,,,,,,,,,
228,0.818275192,-0.755632359,3-D Players,Tobias Harris,F,18.2,2.9,7.9,,,,,,,,,
234,0.578742747,-1.13060918,3-D Players,Juancho Hernangomez,F,5.8,0.8,3.8,,,,,,,,,
250,0.167998906,-1.104063645,3-D Players,Danuel House Jr.,FG,9.4,1,3.6,,,,,,,,,
253,0.152800479,-1.27386115,3-D Players,Chandler Hutchison,F,5.2,0.8,4.2,,,,,,,,,
256,1.141327475,-1.380513044,3-D Players,Ersan Ilyasova,F,6.8,0.8,4.5,,,,,,,,,
260,1.182845008,-1.12653337,3-D Players,Jonathan Isaac,F,9.6,1.1,5.5,,,,,,,,,
262,1.176492535,-0.478231155,3-D Players,Jaren Jackson Jr.,FC,13.8,1.1,4.7,,,,,,,,,
272,1.20788449,-0.550632794,3-D Players,Jonas Jerebko,F,6.3,1.3,3.9,,,,,,,,,
273,-0.066942404,-3.008428975,3-D Players,Alize Johnson,F,0.9,0.1,1.4,,,,,,,,,
275,-0.195996009,-2.064911948,3-D Players,BJ Johnson,F,3.5,0,1.3,,,,,,,,,
284,0.856503486,-0.808372217,3-D Players,Derrick Jones Jr.,FG,7,0.6,4,,,,,,,,,
296,0.869245811,-0.521583476,3-D Players,Michael KiddGilchrist,F,6.7,1,3.8,,,,,,,,,
306,0.148028166,-1.176907006,3-D Players,Rodions Kurucs,F,8.5,0.8,3.9,,,,,,,,,
308,0.271870754,-0.54097088,3-D Players,Skal Labissiere,F,2.8,0.5,1.8,,,,,,,,,
309,1.724268299,-1.557961623,3-D Players,Skal Labissiere,F,3.4,0.6,2.1,,,,,,,,,
312,0.359474085,-0.69352074,3-D Players,Jake Layman,F,7.6,0.7,3.1,,,,,,,,,
340,0.822420904,-0.647049343,3-D Players,Thon Maker,F,4.7,0.5,2.7,,,,,,,,,
341,0.948654381,-0.518806624,3-D Players,Thon Maker,F,5.5,0.9,3.7,,,,,,,,,
344,1.53124867,-1.951596798,3-D Players,Lauri Markkanen,F,18.7,1.4,9.1,,,,,,,,,
345,0.489436332,-0.693139093,3-D Players,Jarell Martin,F,2.7,0.4,1.7,,,,,,,,,
355,1.241209593,-1.103592594,3-D Players,Alfonzo McKinnie,F,4.7,0.4,3.4,,,,,,,,,
371,1.018141908,-0.948221361,3-D Players,Nikola Mirotic,F,11.6,1.4,5.4,,,,,,,,,
377,0.743490217,-1.586555497,3-D Players,Marcus Morris,F,13.9,1.5,6.1,,,,,,,,,
378,0.612640847,-0.867324492,3-D Players,Markieff Morris,F,11.5,1.8,5.1,,,,,,,,,
379,0.187833797,-1.398278586,3-D Players,Markieff Morris,F,6.5,0.8,3.8,,,,,,,,,
385,0.72778731,-0.877483936,3-D Players,Mike Muscala,FC,7.4,1.3,4.3,,,,,,,,,
386,0.601674172,-0.492331694,3-D Players,Mike Muscala,FC,5.9,0.8,2.6,,,,,,,,,
396,0.535041678,-1.154749981,3-D Players,Dirk Nowitzki,F,7.3,0.7,3.1,,,,,,,,,
406,0.822782861,-0.620219594,3-D Players,Kelly Olynyk,F,10,1.8,4.7,,,,,,,,,
407,0.139885515,-0.769263538,3-D Players,Royce O'Neale,F,5.2,1.5,3.5,,,,,,,,,
410,0.144756644,-1.532165003,3-D Players,Kelly Oubre Jr.,F,12.9,0.7,4.4,,,,,,,,,
411,0.077154142,-0.958679089,3-D Players,Kelly Oubre Jr.,F,16.9,1.6,4.9,,,,,,,,,
413,0.580616916,-0.533380762,3-D Players,Jabari Parker,F,14.3,2.2,6.2,,,,,,,,,
417,-0.128292201,-1.08528246,3-D Players,Patrick Patterson,F,3.6,0.5,2.3,,,,,,,,,
427,-0.044285019,-1.36403499,3-D Players,Otto Porter Jr.,F,12.6,2,5.7,,,,,,,,,
428,-0.149790535,-0.968626715,3-D Players,Otto Porter Jr.,F,17.5,2.7,5.5,,,,,,,,,
429,1.475383696,-1.374745233,3-D Players,Bobby Portis,F,14.1,1.3,7.2,,,,,,,,,
430,1.717744956,-1.923498947,3-D Players,Bobby Portis,F,14.3,1.5,8.6,,,,,,,,,
433,1.430510922,-0.44892113,3-D Players,Alex Poythress,F,5.1,0.8,3.6,,,,,,,,,
458,0.344351701,-1.454873749,3-D Players,Dario Saric,F,11.1,2,6.6,,,,,,,,,
459,0.504195645,-1.266981066,3-D Players,Dario Saric,F,10.5,1.5,5.4,,,,,,,,,
462,0.626386621,-1.025685254,3-D Players,Mike Scott,F,4.8,0.8,3.3,,,,,,,,,
463,-0.096673726,-1.489554086,3-D Players,Mike Scott,F,7.8,0.8,3.8,,,,,,,,,
464,0.702227617,-1.199805381,3-D Players,Thabo Sefolosha,F,3.8,0.5,2.5,,,,,,,,,
482,1.235484039,-1.278823002,3-D Players,Jason Smith,FC,2.2,0.2,1.8,,,,,,,,,
487,0.747821651,-0.807229951,3-D Players,Omari Spellman,F,5.9,1,4.2,,,,,,,,,
492,1.24668157,-1.509953779,3-D Players,Caleb Swanigan,F,1.9,0.4,2.9,,,,,,,,,
493,0.020331769,-1.111921885,3-D Players,Jayson Tatum,F,15.7,2.1,6,,,,,,,,,
506,0.466796913,-0.916189133,3-D Players,Anthony Tolliver,F,5,0.7,2.7,,,,,,,,,
510,0.164921583,-2.352873769,3-D Players,PJ Tucker,F,7.3,1.2,5.8,,,,,,,,,
6,-1.639579394,3.512335193,Combo Guards,DeVaughn AkoonPurcell,GF,1,0.9,0.6,,,,,,,,,
11,-1.843315897,1.403214642,Combo Guards,Kadeem Allen,G,9.9,4,2.7,,,,,,,,,
23,-2.002526422,1.326224148,Combo Guards,D.J. Augustin,G,11.7,5.3,2.5,,,,,,,,,
31,-2.505132556,3.783568454,Combo Guards,J.J. Barea,G,10.9,5.6,2.5,,,,,,,,,
37,-2.445265156,1.171515943,Combo Guards,Jerryd Bayless,G,6.1,3.5,1.9,,,,,,,,,
54,-1.348400672,1.195598465,Combo Guards,Eric Bledsoe,G,15.9,5.5,4.6,,,,,,,,,
61,-2.464915468,1.908334579,Combo Guards,Devin Booker,G,26.6,6.8,4.1,,,,,,,,,
79,-1.95823971,1.032234198,Combo Guards,Jalen Brunson,G,9.3,3.2,2.3,,,,,,,,,
83,-2.547051158,0.982861862,Combo Guards,Trey Burke,G,11.8,2.8,1.8,,,,,,,,,
84,-2.035389392,1.559820804,Combo Guards,Trey Burke,G,9.7,2.6,1.5,,,,,,,,,
92,-1.456326531,1.463038297,Combo Guards,Jose Calderon,G,2.4,2.4,1.3,,,,,,,,,
95,-2.441998812,1.888675508,Combo Guards,Isaiah Canaan,G,4.7,2.7,0.7,,,,,,,,,
101,-1.828156827,1.497935446,Combo Guards,Michael CarterWilliams,G,4.3,1.3,0.8,,,,,,,,,
111,-1.958628699,1.26449491,Combo Guards,Chris Chiozza,G,0.9,0.6,0.6,,,,,,,,,
119,-2.3155881,1.367539668,Combo Guards,Darren Collison,G,11.2,6,3,,,,,,,,,
121,-2.600333295,1.700760479,Combo Guards,Mike Conley,G,21.1,6.4,3.4,,,,,,,,,
129,-1.953629448,1.643889073,Combo Guards,Jamal Crawford,G,7.9,3.6,1.3,,,,,,,,,
141,-2.051132508,2.896175896,Combo Guards,Matthew Dellavedova,G,1.7,2.4,0.8,,,,,,,,,
142,-2.078267236,2.115337422,Combo Guards,Matthew Dellavedova,G,7.3,4.2,1.9,,,,,,,,,
144,-0.724964483,2.393662431,Combo Guards,DeMar DeRozan,G,21.2,6.2,6,,,,,,,,,
149,-2.139470563,1.332094252,Combo Guards,Spencer Dinwiddie,G,16.8,4.6,2.4,,,,,,,,,
156,-2.016984039,1.146667561,Combo Guards,Goran Dragic,G,13.7,4.8,3.1,,,,,,,,,
159,-2.259882561,1.129765946,Combo Guards,Kris Dunn,G,11.3,6,4.1,,,,,,,,,
169,-1.628668971,1.390243579,Combo Guards,Jawun Evans,G,0.9,1.4,1.7,,,,,,,,,
171,-1.850124044,1.58248858,Combo Guards,Dante Exum,G,6.9,2.6,1.6,,,,,,,,,
182,-2.691719142,2.094199415,Combo Guards,De'Aaron Fox,G,17.3,7.3,3.8,,,,,,,,,
184,-1.151622941,1.819440834,Combo Guards,Tim Frazier,G,5,4.4,2.9,,,,,,,,,
185,-1.338170644,1.389888576,Combo Guards,Tim Frazier,G,6.3,3.5,2.6,,,,,,,,,
200,-3.301324782,2.761616904,Combo Guards,Brandon Goodwin,G,1.4,0.9,0.2,,,,,,,,,
204,-2.541545916,1.246061171,Combo Guards,Devonte' Graham,G,4.7,2.6,1.4,,,,,,,,,
207,-1.771135386,1.084181413,Combo Guards,Jerian Grant,G,4.2,2.6,1.7,,,,,,,,,
218,-1.539486107,1.522243567,Combo Guards,James Harden,G,36.1,7.5,6.6,,,,,,,,,
225,-2.033611014,1.135233709,Combo Guards,Andrew Harrison,G,1.5,1.2,0.8,,,,,,,,,
242,-1.731361035,1.849125911,Combo Guards,Jrue Holiday,G,21.2,7.7,5,,,,,,,,,
259,-1.875525166,1.827030117,Combo Guards,Kyrie Irving,G,23.8,6.9,5,,,,,,,,,
263,-1.303694412,1.581533609,Combo Guards,Demetrius Jackson,G,3.7,0.8,0.5,,,,,,,,,
269,-0.267691126,2.545127446,Combo Guards,LeBron James,F,27.4,8.3,8.4,,,,,,,,,
288,-3.186512316,1.413924835,Combo Guards,Tyus Jones,G,6.9,4.8,2,,,,,,,,,
323,-2.013245237,1.411668543,Combo Guards,Damian Lillard,G,25.8,6.9,4.6,,,,,,,,,
324,-1.352909741,1.708953019,Combo Guards,Jeremy Lin,G,10.7,3.5,2.3,,,,,,,,,
331,-1.881501364,1.785688874,Combo Guards,Kyle Lowry,G,14.2,8.7,4.8,,,,,,,,,
346,-1.923721512,2.126553837,Combo Guards,Frank Mason,G,5.1,2.2,1.2,,,,,,,,,
351,-1.493498642,1.458783729,Combo Guards,T.J. McConnell,G,6.4,3.4,2.3,,,,,,,,,
373,-2.313243093,1.308244117,Combo Guards,Naz MitrouLong,G,1.1,1.1,0.4,,,,,,,,,
382,-1.80152484,1.039021909,Combo Guards,Emmanuel Mudiay,G,14.8,3.9,3.3,,,,,,,,,
390,-1.828020494,1.052885938,Combo Guards,Shabazz Napier,G,9.4,2.6,1.8,,,,,,,,,
392,-1.212347046,1.995187512,Combo Guards,Raul Neto,G,5.3,2.5,1.7,,,,,,,,,
415,-2.00356801,2.909798527,Combo Guards,Tony Parker,G,9.5,3.7,1.5,,,,,,,,,
418,-2.350210113,2.097681795,Combo Guards,Chris Paul,G,15.6,8.2,4.6,,,,,,,,,
419,-1.972521113,1.015453969,Combo Guards,Cameron Payne,G,5.7,2.7,1.7,,,,,,,,,
421,-1.636741234,2.055501925,Combo Guards,Elfrid Payton,G,10.6,7.6,5.3,,,,,,,,,
450,-1.901860776,1.794051569,Combo Guards,Rajon Rondo,G,9.2,8,5.3,,,,,,,,,
451,-1.905221138,1.48274545,Combo Guards,Derrick Rose,G,18,4.3,2.7,,,,,,,,,
454,-2.368443128,1.541072168,Combo Guards,Ricky Rubio,G,12.7,6.1,3.6,,,,,,,,,
455,-3.06977231,2.329976378,Combo Guards,D'Angelo Russell,G,21.1,7,3.9,,,,,,,,,
460,-1.513887096,1.09203815,Combo Guards,Tomas Satoransky,GF,8.9,5,3.5,,,,,,,,,
479,-3.036109281,1.90255507,Combo Guards,Dennis Smith Jr.,G,14.7,5.4,2.8,,,,,,,,,
480,-1.756464148,1.165543084,Combo Guards,Ish Smith,G,8.9,3.6,2.6,,,,,,,,,
494,-2.920312647,2.807177622,Combo Guards,Jeff Teague,G,12.1,8.2,2.5,,,,,,,,,
497,-1.099774395,2.25377486,Combo Guards,Milos Teodosic,G,3.2,2.1,1,,,,,,,,,
520,-0.800582957,1.370919661,Combo Guards,Dwyane Wade,G,15,4.2,4,,,,,,,,,
524,-2.177983573,0.985971393,Combo Guards,Kemba Walker,G,25.6,5.9,4.4,,,,,,,,,
526,-2.497521652,2.911640808,Combo Guards,John Wall,G,20.7,8.7,3.6,,,,,,,,,
527,-0.95474634,1.381403738,Combo Guards,Brad Wanamaker,G,3.9,1.6,1.1,,,,,,,,,
531,-0.910006608,1.379656189,Combo Guards,Thomas Welsh,C,1.6,0.5,0.4,,,,,,,,,
532,-0.726232109,2.654701548,Combo Guards,Russell Westbrook,G,22.9,10.7,11.1,,,,,,,,,
10,3.982403473,0.789172591,Defensive Centers,Jarrett Allen,C,10.9,1.4,8.4,,,,,,,,,
58,4.362090566,0.648363901,Defensive Centers,Andrew Bogut,C,3.5,1,5,,,,,,,,,
96,5.636633731,1.10198799,Defensive Centers,Clint Capela,C,16.6,1.4,12.6,,,,,,,,,
107,5.412515195,0.948122616,Defensive Centers,Tyson Chandler,C,3.7,0.9,5.6,,,,,,,,,
135,4.077719828,1.048892392,Defensive Centers,Anthony Davis,FC,25.9,3.9,12,108,4.193742982,0.831178294,Defensive Centers,Tyson Chandler,C,3.1,0.6,5.6
137,5.53638135,0.400746228,Defensive Centers,Ed Davis,C,5.8,0.8,8.6,,,,,,,,,
157,5.893847394,-0.685243562,Defensive Centers,Andre Drummond,C,17.3,1.4,15.6,,,,,,,,,
164,4.642965196,0.551410577,Defensive Centers,Joel Embiid,FC,27.5,3.7,13.6,,,,,,,,,
174,3.866675508,0.378515842,Defensive Centers,Derrick Favors,FC,11.8,1.2,7.4,,,,,,,,,
199,6.811026941,1.94375734,Defensive Centers,Rudy Gobert,C,15.9,2,12.8,,,,,,,,,
251,4.337843295,-0.400707098,Defensive Centers,Dwight Howard,C,12.8,0.4,9.2,,,,,,,,,
289,6.244490771,0.686945573,Defensive Centers,DeAndre Jordan,C,11,2,13.7,,,,,,,,,
290,5.636030094,2.090642966,Defensive Centers,DeAndre Jordan,C,10.9,3,11.3,,,,,,,,,
342,4.564921858,1.567843277,Defensive Centers,Boban Marjanovic,C,7.1,0.6,4.5,,,,,,,,,
353,5.203507192,1.143249484,Defensive Centers,JaVale McGee,C,12,0.7,7.6,,,,,,,,,
449,5.373722975,2.176496895,Defensive Centers,Mitchell Robinson,C,7.3,0.6,6.4,,,,,,,,,
507,3.958919065,-0.035930798,Defensive Centers,KarlAnthony Towns,FC,24.4,3.4,12.4,,,,,,,,,
515,4.755659802,0.405145283,Defensive Centers,Jonas Valanciunas,C,19.9,2.2,10.7,,,,,,,,,
534,6.675151412,0.154424805,Defensive Centers,Hassan Whiteside,C,12.3,0.8,11.4,,,,,,,,,
4,2.649353214,0.837172839,Offensive Centers,Bam Adebayo,CF,8.9,2.2,7.3,,,,,,,,,
17,3.39847533,2.422121459,Offensive Centers,Giannis Antetokounmpo,F,27.7,5.9,12.5,,,,,,,,,
24,3.6232984,0.891518375,Offensive Centers,Deandre Ayton,C,16.3,1.8,10.3,,,,,,,,,
44,1.726252009,2.052048872,Offensive Centers,Jordan Bell,F,3.3,1.1,2.7,,,,,,,,,
50,3.047861269,1.720202888,Offensive Centers,Khem Birch,C,4.8,0.8,3.8,,,,,,,,,
51,3.546434911,1.159644182,Offensive Centers,Bismack Biyombo,C,4.4,0.6,4.6,,,,,,,,,
124,2.666603003,0.885409204,Offensive Centers,DeMarcus Cousins,C,16.3,3.6,8.2,,,,,,,,,
136,3.185755213,1.45889201,Offensive Centers,Deyonta Davis,CF,4,0.6,3.9,,,,,,,,,
167,2.630434699,1.587010062,Offensive Centers,Drew Eubanks,F,1.8,0.3,1.5,,,,,,,,,
175,2.282971563,0.880050976,Offensive Centers,Cristiano Felicio,FC,4,0.6,3.7,,,,,,,,,
197,1.245103423,1.828619433,Offensive Centers,Harry Giles III,FC,7,1.5,3.8,,,,,,,,,
203,3.702478477,1.345001882,Offensive Centers,Marcin Gortat,C,5,1.4,5.6,,,,,,,,,
220,2.645331008,1.61845219,Offensive Centers,Montrezl Harrell,FC,16.6,2,6.5,,,,,,,,,
246,3.458890886,1.775147601,Offensive Centers,Richaun Holmes,FC,8.2,0.9,4.7,,,,,,,,,
249,1.743629216,1.07233963,Offensive Centers,Al Horford,FC,13.6,4.1,6.7,,,,,,,,,
270,3.056745967,1.556443679,Offensive Centers,Amile Jefferson,F,2.3,0.3,1.8,,,,,,,,,
283,1.3859596,2.22586724,Offensive Centers,Nikola Jokic,C,20.1,7.3,10.8,,,,,,,,,
285,2.551273575,2.602161396,Offensive Centers,Damian Jones,C,5.4,1.2,3.1,,,,,,,,,
305,2.703942789,0.918822245,Offensive Centers,Kosta Koufos,C,3.7,0.9,4.2,,,,,,,,,
327,2.682720174,1.543355827,Offensive Centers,Kevon Looney,F,6.3,1.5,5.2,,,,,,,,,
329,1.820261857,0.915862326,Offensive Centers,Robin Lopez,C,9.5,1.2,3.9,,,,,,,,,
381,2.178033598,1.669291709,Offensive Centers,Johnathan Motley,F,4.6,0.5,2.3,,,,,,,,,
391,1.926689618,0.877651204,Offensive Centers,Nene,CF,3.6,0.6,2.9,,,,,,,,,
394,3.549080388,2.330757771,Offensive Centers,Joakim Noah,C,7.1,2.1,5.7,,,,,,,,,
395,3.495889517,1.368130651,Offensive Centers,Nerlens Noel,FC,4.9,0.6,4.2,,,,,,,,,
399,3.958729101,1.577074352,Offensive Centers,Jusuf Nurkic,C,15.6,3.2,10.4,,,,,,,,,
408,2.514537421,2.239027805,Offensive Centers,Kyle O'Quinn,C,3.5,1.2,2.6,,,,,,,,,
412,2.421719771,1.479277871,Offensive Centers,Zaza Pachulia,C,3.9,1.3,3.9,,,,,,,,,
423,2.837393149,1.838354075,Offensive Centers,Mason Plumlee,FC,7.8,3,6.4,,,,,,,,,
424,1.911297179,2.755919239,Offensive Centers,Miles Plumlee,C,4.4,0.9,2.2,,,,,,,,,
425,3.828466371,2.134719529,Offensive Centers,Jakob Poeltl,C,5.5,1.2,5.3,,,,,,,,,
446,1.817894618,1.902590295,Offensive Centers,Devin Robinson,F,6.7,0.9,2.9,,,,,,,,,
473,0.75210249,3.982361101,Offensive Centers,Ben Simmons,GF,16.9,7.7,8.8,,,,,,,,,
513,3.578131544,2.828061346,Offensive Centers,Ekpe Udoh,CF,2.3,0.5,1.8,,,,,,,,,
536,4.079071423,1.962727929,Offensive Centers,Robert Williams III,CF,2.6,0.2,2.6,,,,,,,,,
538,2.06802496,0.872779323,Offensive Centers,Johnathan Williams,F,6.5,0.5,4.1,,,,,,,,,
2,-1.369359751,0.845848719,Playmaker,Jaylen Adams,G,3.2,1.9,1.8,,,,,,,,,
9,-1.928222161,-0.031488674,Playmaker,Grayson Allen,G,5.6,0.7,0.6,,,,,,,,,
20,-1.597834782,0.299989996,Playmaker,Ryan Arcidiacono,G,6.7,3.3,2.7,,,,,,,,,
27,-2.519639655,0.397624956,Playmaker,Ron Baker,G,1.3,1.2,0.7,,,,,,,,,
28,-1.219311744,0.79696916,Playmaker,Wade Baldwin IV,G,1.9,0.8,0.9,,,,,,,,,
29,-1.594502612,0.581531397,Playmaker,Lonzo Ball,G,9.9,5.4,5.3,,,,,,,,,
40,-1.495005175,0.636968191,Playmaker,Bradley Beal,G,25.6,5.5,5,,,,,,,,,
48,-2.658885369,-0.164338995,Playmaker,Dairis Bertans,G,2.8,0.8,0.8,,,,,,,,,
57,-1.87328855,0.035980376,Playmaker,Bogdan Bogdanovic,G,14.1,3.8,3.5,,,,,,,,,
60,-1.696843088,0.364202749,Playmaker,Isaac Bonga,G,0.9,0.7,1.1,,,,,,,,,
64,-2.032371827,0.06336313,Playmaker,Avery Bradley,G,16.1,4,3.2,,,,,,,,,
69,-1.689064511,0.833870659,Playmaker,Isaiah Briscoe,G,3.5,2.2,1.9,,,,,,,,,
73,-0.859117627,0.08054866,Playmaker,MarShon Brooks,G,6.6,0.9,1.6,,,,,,,,,
77,-1.367480467,0.215060979,Playmaker,Lorenzo Brown,G,2.1,1.1,1.2,,,,,,,,,
85,-1.145973885,-0.122180189,Playmaker,Alec Burks,G,8.4,1.2,1.6,,,,,,,,,
89,-0.94604417,-0.029214241,Playmaker,Jimmy Butler,GF,21.3,4.3,5.2,,,,,,,,,
90,-0.926483245,0.065757808,Playmaker,Jimmy Butler,GF,18.2,4,5.3,,,,,,,,,
94,-1.841671496,-0.021885015,Playmaker,Isaiah Canaan,G,7.5,3.3,2.6,,,,,,,,,
99,-1.999287514,0.155030551,Playmaker,Jevon Carter,G,4.4,1.8,1.7,,,,,,,,,
103,-1.393495477,0.375292204,Playmaker,Alex Caruso,G,9.2,3.1,2.7,,,,,,,,,
115,-1.657857658,-0.211648463,Playmaker,Ian Clark,G,6.7,1.6,1.5,,,,,,,,,
116,-1.420457001,-0.187124365,Playmaker,Jordan Clarkson,G,16.8,2.4,3.3,,,,,,,,,
133,-1.077922995,0.07797851,Playmaker,Stephen Curry,G,27.3,5.2,5.3,,,,,,,,,
168,-1.814418307,0.699526702,Playmaker,Jacob Evans,G,1.3,0.8,0.8,,,,,,,,,
170,-1.212273453,0.050153349,Playmaker,Tyreke Evans,G,10.2,2.4,2.9,,,,,,,,,
176,-1.397311165,0.762565445,Playmaker,Raymond Felton,G,4.3,1.6,1,,,,,,,,,
178,-1.684052944,0.441208021,Playmaker,Yogi Ferrell,G,5.9,1.9,1.5,,,,,,,,,
181,-2.008292672,-0.274040889,Playmaker,Evan Fournier,GF,15.1,3.6,3.2,,,,,,,,,
183,-1.94352929,-0.15785526,Playmaker,Melvin Frazier Jr.,GF,1.5,0.1,0.5,,,,,,,,,
186,-2.12599596,0.443720651,Playmaker,Jimmer Fredette,G,3.7,1.3,1.2,,,,,,,,,
188,-1.552221027,0.453578028,Playmaker,Markelle Fultz,G,8.2,3.1,3.6,,,,,,,,,
198,-1.636995893,0.433423553,Playmaker,Shai GilgeousAlexander,G,10.8,3.3,2.8,,,,,,,,,
221,-1.030381045,0.468291589,Playmaker,Devin Harris,G,6.3,1.8,1.6,,,,,,,,,
224,-1.659251673,0.509105098,Playmaker,Andrew Harrison,G,4.3,1.7,1.5,,,,,,,,,
226,-0.922180226,-0.031287958,Playmaker,Shaquille Harrison,G,6.5,1.9,3,,,,,,,,,
238,-1.532578523,-0.161086408,Playmaker,George Hill,G,10.8,2.8,2.1,,,,,,,,,
241,-1.670643949,0.829615481,Playmaker,Aaron Holiday,G,5.9,1.7,1.3,,,,,,,,,
252,-1.622637977,-0.446271121,Playmaker,Kevin Huerter,G,9.7,2.9,3.3,,,,,,,,,
257,-1.541454139,0.65838874,Playmaker,Joe Ingles,F,12.1,5.7,4,,,,,,,,,
268,-2.258301964,0.754576237,Playmaker,Reggie Jackson,G,15.4,4.2,2.6,,,,,,,,,
278,-0.973359582,0.087215331,Playmaker,Stanley Johnson,F,5.3,1.6,2.3,,,,,,,,,
279,-1.284460816,-0.05840365,Playmaker,Tyler Johnson,G,10.8,2.5,2.7,,,,,,,,,
280,-1.540224436,0.139740403,Playmaker,Tyler Johnson,G,11.1,4.2,4,,,,,,,,,
291,-1.667831049,0.315872012,Playmaker,Cory Joseph,G,6.5,3.9,3.4,,,,,,,,,
298,-2.530123789,-0.482097541,Playmaker,Brandon Knight,G,3,0.8,0.8,,,,,,,,,
299,-2.079884365,-0.164006081,Playmaker,Brandon Knight,G,8.5,2.3,1.9,,,,,,,,,
311,-1.399669434,0.498757702,Playmaker,Zach LaVine,G,23.7,4.5,4.7,,,,,,,,,
315,-1.416702399,-0.319673365,Playmaker,Courtney Lee,G,3.6,1,1.2,,,,,,,,,
317,-2.451563233,0.506133821,Playmaker,Walter Lemon Jr.,G,14.3,5,4.5,,,,,,,,,
322,-1.664326026,0.834128203,Playmaker,Caris LeVert,G,13.7,3.9,3.8,,,,,,,,,
325,-0.875657143,0.352214573,Playmaker,Jeremy Lin,G,7,2.2,2.6,,,,,,,,,
337,-2.404352979,0.731065657,Playmaker,Shelvin Mack,G,7.9,3.4,1.9,,,,,,,,,
338,-1.385969625,-0.380851467,Playmaker,Daryl Macon,G,3.6,0.9,1.5,,,,,,,,,
357,-0.840769372,0.472438474,Playmaker,Jordan McRae,G,5.9,1.1,1.5,,,,,,,,,
360,-1.752605953,0.638917654,Playmaker,De'Anthony Melton,G,5,3.2,2.7,,,,,,,,,
366,-1.029263348,-0.074411423,Playmaker,Malcolm Miller,F,3.5,0.1,0.5,,,,,,,,,
368,-1.595428798,0.097231144,Playmaker,Patty Mills,G,9.9,3,2.2,,,,,,,,,
372,-2.124534153,0.067950657,Playmaker,Donovan Mitchell,G,23.8,4.2,4.1,,,,,,,,,
374,-1.709538913,-0.097095836,Playmaker,Malik Monk,G,8.9,1.6,1.9,,,,,,,,,
380,-2.190040687,0.705792873,Playmaker,Monte Morris,G,10.4,3.6,2.4,,,,,,,,,
383,-1.872313095,0.452728787,Playmaker,Jamal Murray,G,18.2,4.8,4.2,,,,,,,,,
384,-1.596355515,0.622505724,Playmaker,Dzanan Musa,GF,2.1,0.2,0.6,,,,,,,,,
387,-2.25399302,-0.20956231,Playmaker,Svi Mykhailiuk,F,3.3,0.8,0.8,,,,,,,,,
397,-2.510151764,0.318863151,Playmaker,Frank Ntilikina,G,5.7,2.8,2,,,,,,,,,
398,-1.410938573,0.352802994,Playmaker,James Nunnally,F,2.1,0.4,0.3,,,,,,,,,
403,-1.977035531,0.429553338,Playmaker,Elie Okobo,G,5.7,2.4,1.9,,,,,,,,,
405,-1.509147221,0.369118082,Playmaker,Victor Oladipo,G,18.8,5.2,5.6,,,,,,,,,
420,-1.192458852,1.016476155,Playmaker,Cameron Payne,G,8.2,2.6,2.1,,,,,,,,,
422,-0.874535318,0.020953059,Playmaker,Theo Pinson,GF,4.5,1.2,2,,,,,,,,,
436,-1.935185174,0.639769952,Playmaker,Chasson Randle,G,5.5,2,1.1,,,,,,,,,
439,-1.235099237,-0.114851177,Playmaker,Davon Reed,G,1.2,0.3,0.6,,,,,,,,,
441,-1.952728267,-0.224800085,Playmaker,Josh Richardson,F,16.6,4.1,3.6,,,,,,,,,
444,-1.915035843,-0.392967554,Playmaker,Austin Rivers,G,8.7,2.3,1.9,,,,,,,,,
453,-1.147802355,-0.193409689,Playmaker,Terry Rozier,G,9,2.9,3.9,,,,,,,,,
461,-2.028568976,0.224555598,Playmaker,Dennis Schroder,G,15.5,4.1,3.6,,,,,,,,,
465,-1.550739467,-0.013136884,Playmaker,Wayne Selden,GF,5.4,1.1,1.3,,,,,,,,,
467,-2.335019262,-0.406962508,Playmaker,Collin Sexton,G,16.7,3,2.9,,,,,,,,,
469,-1.828027548,-0.256407053,Playmaker,Landry Shamet,G,10.9,2.3,2.2,,,,,,,,,
474,-1.249645555,0.288940703,Playmaker,Jonathon Simmons,F,6.9,2.3,2.5,,,,,,,,,
475,-1.422303381,0.810521797,Playmaker,Jonathon Simmons,F,5.5,2.2,1.7,,,,,,,,,
476,-1.685761207,0.875507716,Playmaker,Anfernee Simons,G,3.8,0.7,0.7,,,,,,,,,
477,-1.97642762,-0.036162057,Playmaker,Marcus Smart,G,8.9,4,2.9,,,,,,,,,
478,-2.209430888,0.729971145,Playmaker,Dennis Smith Jr.,G,12.9,4.3,3,,,,,,,,,
483,-1.993412919,-0.410900688,Playmaker,JR Smith,GF,6.7,1.9,1.6,,,,,,,,,
484,-1.185271922,0.026728514,Playmaker,Zhaire Smith,G,6.7,1.7,2.2,,,,,,,,,
488,-1.090666017,-0.065344196,Playmaker,Nik Stauskas,G,6.1,1.4,1.8,,,,,,,,,
498,-2.612909698,0.545195432,Playmaker,Jared Terrell,G,2.2,0.9,0.4,,,,,,,,,
500,-2.457656606,0.765429875,Playmaker,Isaiah Thomas,G,8.1,1.9,1.1,,,,,,,,,
508,-2.175688455,-0.456638139,Playmaker,Gary Trent Jr.,G,2.7,0.3,0.7,,,,,,,,,
517,-2.329856261,0.845278082,Playmaker,Fred VanVleet,G,11,4.8,2.6,,,,,,,,,
522,-1.706465228,0.039634315,Playmaker,Dion Waiters,G,12,2.8,2.7,,,,,,,,,
537,-1.550206678,1.016215597,Playmaker,C.J. Williams,G,2.6,0.8,0.5,,,,,,,,,
0,-1.527520182,-1.516047655,Shooter,Alex Abrines,G,5.3,0.6,1.5,,,,,,,,,
5,-1.481310665,-1.291974514,Shooter,Deng Adel,F,1.7,0.3,1,,,,,,,,,
15,-0.461313805,-0.987700216,Shooter,Ryan Anderson,F,3.7,1.1,3,,,,,,,,,
16,-0.552117395,-0.582643212,Shooter,Ryan Anderson,F,0.7,0.2,0.9,,,,,,,,,
19,-0.478012085,-1.206249251,Shooter,OG Anunoby,F,7,0.7,2.9,,,,,,,,,
21,-0.569455732,-1.154120155,Shooter,Trevor Ariza,F,9.9,3.3,5.6,,,,,,,,,
22,-0.795848613,-0.723391297,Shooter,Trevor Ariza,F,14.1,3.8,5.2,,,,,,,,,
25,-1.061670677,-0.583164648,Shooter,Dwayne Bacon,GF,7.3,1.1,2.1,,,,,,,,,
32,-0.999007113,-1.735220824,Shooter,Harrison Barnes,F,17.7,1.3,4.2,,,,,,,,,
33,-0.434641049,-1.562461328,Shooter,Harrison Barnes,F,14.3,1.9,5.5,,,,,,,,,
35,-0.238512077,-0.950893248,Shooter,Keita BatesDiop,F,5,0.6,2.8,,,,,,,,,
39,-0.609899077,-0.502394586,Shooter,Kent Bazemore,G,11.6,2.3,3.9,,,,,,,,,
41,-1.27147846,-1.177173143,Shooter,Malik Beasley,G,11.3,1.2,2.5,,,,,,,,,
43,-1.04145884,-0.891439799,Shooter,Marco Belinelli,GF,10.5,1.7,2.5,,,,,,,,,
53,-1.38547157,-0.729418686,Shooter,Antonio Blakeney,G,7.3,0.7,1.9,,,,,,,,,
56,-0.801380385,-1.295294246,Shooter,Bojan Bogdanovic,F,18,2,4.1,,,,,,,,,
63,-1.572576412,-1.218832504,Shooter,Avery Bradley,G,8.2,2,2.7,,,,,,,,,
65,-1.321862823,-0.893621786,Shooter,Corey Brewer,GF,7.6,1.4,2.4,,,,,,,,,
68,-1.400577538,-1.186738458,Shooter,Mikal Bridges,F,8.3,2.1,3.2,,,,,,,,,
72,-1.603446518,-0.968901693,Shooter,Dillon Brooks,GF,7.5,0.9,1.7,,,,,,,,,
75,-0.84835062,-0.530837568,Shooter,Bruce Brown,G,4.3,1.2,2.5,,,,,,,,,
76,-0.438097831,-1.054226712,Shooter,Jaylen Brown,F,13,1.4,4.2,,,,,,,,,
81,-1.496713281,-0.767500476,Shooter,Reggie Bullock,F,12.1,2.5,2.8,,,,,,,,,
82,-1.07723216,-1.48712094,Shooter,Reggie Bullock,GF,9.3,1.1,2.6,,,,,,,,,
88,-1.060367597,-0.620750089,Shooter,Deonte Burton,G,2.6,0.3,0.9,,,,,,,,,
93,-1.242490251,-1.380755307,Shooter,Kentavious CaldwellPope,G,11.4,1.3,2.9,,,,,,,,,
106,-0.363663809,-1.343200505,Shooter,Tyler Cavanaugh,F,0.8,0.1,0.7,,,,,,,,,
127,-0.767797444,-1.443603919,Shooter,Allen Crabbe,GF,9.6,1.1,3.4,,,,,,,,,
132,-1.067666044,-0.922593847,Shooter,Seth Curry,G,7.9,0.9,1.6,,,,,,,,,
134,-1.154339544,-1.108463717,Shooter,Troy Daniels,G,6.2,0.5,1.4,,,,,,,,,
139,-0.408654852,-1.45627676,Shooter,Sam Dekker,F,6.3,1,3.7,,,,,,,,,
150,-0.645539964,-0.646498966,Shooter,Donte DiVincenzo,G,4.9,1.1,2.4,,,,,,,,,
152,-0.957599913,-0.344493353,Shooter,Tyler Dorsey,G,3.3,0.6,1.6,,,,,,,,,
153,-0.886563755,-0.147522094,Shooter,Tyler Dorsey,G,9.8,1.9,3.3,,,,,,,,,
154,-1.361030202,-1.151992361,Shooter,Damyean Dotson,G,10.7,1.8,3.6,,,,,,,,,
158,-0.300472031,-0.65938134,Shooter,Jared Dudley,F,4.9,1.4,2.6,,,,,,,,,
162,-1.457690476,-1.021862245,Shooter,Wayne Ellington,G,8.4,1.2,1.9,,,,,,,,,
163,-1.461982282,-1.215567333,Shooter,Wayne Ellington,G,12,1.5,2.1,,,,,,,,,
177,-1.521840825,-1.396995269,Shooter,Terrance Ferguson,G,6.9,1,1.9,,,,,,,,,
180,-1.41661217,-1.079901714,Shooter,Bryn Forbes,G,11.8,2.1,2.9,,,,,,,,,
190,-1.451125055,-1.16570865,Shooter,Langston Galloway,G,8.4,1.1,2.1,,,,,,,,,
195,-0.545265904,-1.208431503,Shooter,Paul George,F,28,4.1,8.1,,,,,,,,,
202,-1.593607285,-1.148638255,Shooter,Eric Gordon,G,16.2,1.9,2.2,,,,,,,,,
205,-0.88089097,-1.36167705,Shooter,Treveon Graham,F,5.3,1,3,,,,,,,,,
210,-0.263555022,-1.615977536,Shooter,Gerald Green,GF,9.2,0.5,2.5,,,,,,,,,
216,-1.93605362,-0.804765061,Shooter,Tim Hardaway Jr.,G,19.1,2.7,3.5,,,,,,,,,
217,-1.524013695,-0.897972736,Shooter,Tim Hardaway Jr.,G,15.5,1.9,3.2,,,,,,,,,
222,-1.694349931,-0.713780192,Shooter,Gary Harris,G,12.9,2.2,2.8,,,,,,,,,
223,-0.496308745,-0.729456053,Shooter,Joe Harris,GF,13.7,2.4,3.9,,,,,,,,,
230,-0.546508915,-1.282807089,Shooter,Josh Hart,G,7.8,1.4,3.7,,,,,,,,,
236,-0.532315384,-0.815567494,Shooter,Mario Hezonja,F,8.8,1.5,4.1,,,,,,,,,
237,-0.658196361,-1.094184701,Shooter,Buddy Hield,G,20.7,2.5,5,,,,,,,,,
239,-0.926438665,-0.152707397,Shooter,George Hill,G,6.8,2.1,2.6,,,,,,,,,
240,-0.495809492,-0.930702566,Shooter,Solomon Hill,F,4.3,1.3,3,,,,,,,,,
243,-0.98395519,-1.756617126,Shooter,Justin Holiday,G,11.6,2.2,4.4,,,,,,,,,
244,-1.002391213,-1.789787257,Shooter,Justin Holiday,FG,9.5,1.4,3.5,,,,,,,,,
247,-1.846941951,-0.730037687,Shooter,Rodney Hood,G,12.2,2,2.5,,,,,,,,,
248,-1.707905736,-0.889351473,Shooter,Rodney Hood,G,9.6,1.3,1.6,,,,,,,,,
261,-0.47672026,-0.797600133,Shooter,Wes Iwundu,F,5,1.1,2.7,,,,,,,,,
264,-1.550528769,-0.761908104,Shooter,Frank Jackson,G,8.1,1.1,2.2,,,,,,,,,
266,-0.769346867,-0.825292421,Shooter,Justin Jackson,F,6.7,1.3,2.8,,,,,,,,,
267,-0.873969804,-0.507569262,Shooter,Justin Jackson,F,8.2,1,2.3,,,,,,,,,
271,-1.095075703,-0.272108758,Shooter,John Jenkins,G,5.2,1,1.6,,,,,,,,,
277,-0.629462026,-1.199162558,Shooter,Stanley Johnson,F,7.5,1.3,3.6,,,,,,,,,
281,-0.295382387,-1.016340335,Shooter,Wesley Johnson,FG,3.7,0.6,2.1,,,,,,,,,
282,-1.092775903,-0.948546356,Shooter,Wesley Johnson,FG,2.8,0.6,1.5,,,,,,,,,
286,-0.378589927,-0.95705401,Shooter,Jalen Jones,F,5.1,0.4,2.1,,,,,,,,,
295,-1.117872352,-0.56402621,Shooter,Luke Kennard,G,9.7,1.8,2.9,,,,,,,,,
300,-1.056401574,-1.730563976,Shooter,Kevin Knox,F,12.8,1.1,4.5,,,,,,,,,
301,-0.991995005,-0.564311412,Shooter,Furkan Korkmaz,GF,5.8,1.1,2.3,,,,,,,,,
304,-0.286145315,-0.882369967,Shooter,Kyle Korver,GF,9.1,1.2,2.5,,,,,,,,,
307,-0.497545309,-0.783612377,Shooter,Kyle Kuzma,F,18.7,2.5,5.5,,,,,,,,,
310,-0.189386057,-0.893430834,Shooter,Jeremy Lamb,G,15.3,2.2,5.5,,,,,,,,,
316,-0.209383757,-1.193641507,Shooter,Damion Lee,G,4.9,0.4,2,,,,,,,,,
333,-1.405074199,-1.094520784,Shooter,Timothe LuwawuCabarrot,GF,1.7,0.2,0.9,,,,,,,,,
334,-0.716037394,-1.228814338,Shooter,Timothe LuwawuCabarrot,GF,6.8,0.8,2.7,,,,,,,,,
347,-1.532697757,-0.705029411,Shooter,Wesley Matthews,GF,13.1,2.3,2.3,,,,,,,,,
348,-1.393736203,-1.046710083,Shooter,Wesley Matthews,GF,10.9,2.4,2.8,,,,,,,,,
349,-0.768579947,-0.376651448,Shooter,Patrick McCaw,G,2.7,1,1.7,,,,,,,,,
350,-1.276393456,-0.489774211,Shooter,CJ McCollum,G,21,3,4,,,,,,,,,
352,-0.987107206,-0.622154048,Shooter,Doug McDermott,F,7.3,0.9,1.4,,,,,,,,,
354,-0.655936379,-0.884545041,Shooter,Rodney McGruder,GF,7.6,1.7,3.6,,,,,,,,,
356,-1.089968258,-0.718467558,Shooter,Ben McLemore,G,3.9,0.2,0.9,,,,,,,,,
362,-0.95334068,-0.282046917,Shooter,Khris Middleton,F,18.3,4.3,6,,,,,,,,,
363,-0.915822691,-1.072773081,Shooter,CJ Miles,FG,5.5,0.6,1.7,,,,,,,,,
364,-0.921796397,-1.002131208,Shooter,CJ Miles,FG,9.3,1.1,2.1,,,,,,,,,
365,-1.562162907,-0.656585387,Shooter,Darius Miller,F,8.2,2.1,1.8,,,,,,,,,
369,-1.04535516,-0.376843196,Shooter,Shake Milton,G,4.4,0.9,1.7,,,,,,,,,
376,-1.44835813,-0.940971771,Shooter,E'Twaun Moore,G,11.9,1.9,2.4,,,,,,,,,
388,-0.24347916,-1.141312776,Shooter,Abdel Nader,F,4,0.3,1.9,,,,,,,,,
401,-0.54934429,-0.736110816,Shooter,Semi Ojeleye,F,3.3,0.4,1.5,,,,,,,,,
404,-1.357008372,-1.182485213,Shooter,Josh Okogie,G,7.7,1.2,2.9,,,,,,,,,
409,-1.079300492,-1.052659178,Shooter,Cedi Osman,F,13,2.6,4.7,,,,,,,,,
416,-0.937097317,-0.631936626,Shooter,Chandler Parsons,F,7.5,1.7,2.8,,,,,,,,,
432,-0.755021978,-0.324174889,Shooter,Norman Powell,FG,8.6,1.5,2.3,,,,,,,,,
434,-0.964205406,-0.934097506,Shooter,Taurean Prince,F,13.5,2.1,3.6,,,,,,,,,
438,-1.393556785,-0.624589504,Shooter,JJ Redick,G,18,2.7,2.4,,,,,,,,,
440,-0.840421187,-0.648341173,Shooter,Cameron Reynolds,G,5,0.7,1.6,,,,,,,,,
442,-1.178090877,-1.331165306,Shooter,Malachi Richardson,G,1.4,0,0.6,,,,,,,,,
443,-1.320823278,-0.390315933,Shooter,Austin Rivers,G,7.2,2,2.4,,,,,,,,,
445,-0.897677825,-0.82255455,Shooter,Glenn Robinson III,GF,4.2,0.4,1.5,,,,,,,,,
447,-1.034329623,-1.263518721,Shooter,Duncan Robinson,F,3.3,0.3,1.3,,,,,,,,,
448,-1.284027789,-0.518531439,Shooter,Jerome Robinson,G,3.4,0.6,1.2,,,,,,,,,
452,-0.965867757,-1.239499071,Shooter,Terrence Ross,GF,15.1,1.7,3.5,,,,,,,,,
457,-1.408289846,-0.597088328,Shooter,Brandon Sampson,G,5.1,0.7,1.1,,,,,,,,,
466,-1.071721268,-0.731781391,Shooter,Wayne Selden,GF,8,1.7,3.2,,,,,,,,,
468,-1.562809329,-0.714084484,Shooter,Landry Shamet,G,8.3,1.1,1.4,,,,,,,,,
470,-1.226341666,-0.904021625,Shooter,Iman Shumpert,G,8.9,2.2,3.1,,,,,,,,,
471,-0.779845392,-0.993054917,Shooter,Iman Shumpert,G,4.6,1.1,2.7,,,,,,,,,
485,-0.594335753,-0.879441856,Shooter,Tony Snell,G,6,0.9,2.1,,,,,,,,,
489,-0.814879361,-0.587302759,Shooter,Nik Stauskas,G,5.5,0.8,2,,,,,,,,,
491,-1.445721715,-0.606726135,Shooter,Edmond Sumner,G,2.9,0.4,1,,,,,,,,,
495,-0.639638621,-1.492491168,Shooter,Garrett Temple,GF,9.4,1.4,3.1,,,,,,,,,
496,-0.826569198,-0.778978284,Shooter,Garrett Temple,GF,4.7,1.4,2.5,,,,,,,,,
501,-1.812882643,-0.769775227,Shooter,Khyri Thomas,G,2.3,0.3,0.8,,,,,,,,,
502,-0.452416121,-1.248636249,Shooter,Lance Thomas,F,4.5,0.6,2.5,,,,,,,,,
503,-1.049753492,-1.101274133,Shooter,Klay Thompson,G,21.5,2.4,3.8,,,,,,,,,
509,-0.954478242,-0.230617545,Shooter,Allonzo Trier,G,10.9,1.9,3.1,,,,,,,,,
523,-1.643158291,-0.714038292,Shooter,Lonnie Walker IV,G,2.6,0.5,1,,,,,,,,,
528,-0.614874982,-1.290722415,Shooter,T.J. Warren,F,18,1.5,4,,,,,,,,,
529,-0.892024804,-1.234675019,Shooter,Julian Washburn,FG,2.2,0.8,2.3,,,,,,,,,
530,-0.968496106,-1.095269316,Shooter,Yuta Watanabe,G,2.6,0.5,2.1,,,,,,,,,
535,-1.012537759,-0.871482428,Shooter,Andrew Wiggins,GF,18.1,2.5,4.8,,,,,,,,,
3,2.85039321,0.645696576,Stretch Big,Steven Adams,C,13.9,1.6,9.5,,,,,,,,,
7,3.128205002,0.63039588,Stretch Big,LaMarcus Aldridge,F,21.3,2.4,9.2,,,,,,,,,
26,2.240120254,-0.761368488,Stretch Big,Marvin Bagley III,F,14.9,1,7.6,,,,,,,,,
30,2.815158556,-0.158639394,Stretch Big,Mo Bamba,C,6.2,0.8,4.9,,,,,,,,,
38,2.502174926,-0.395369741,Stretch Big,Aron Baynes,FC,5.6,1.1,4.7,,,,,,,,,
59,2.098723414,-0.148701988,Stretch Big,Jonah Bolden,F,4.7,0.9,3.8,,,,,,,,,
62,2.928042448,-1.029795929,Stretch Big,Chris Boucher,F,3.3,0.1,2,,,,,,,,,
80,3.094847842,0.149858021,Stretch Big,Thomas Bryant,C,10.5,1.3,6.3,,,,,,,,,
98,2.428003425,0.321183148,Stretch Big,Wendell Carter Jr.,F,10.3,1.8,7,,,,,,,,,
117,2.703986338,-0.488575601,Stretch Big,John Collins,FC,19.5,2,9.8,,,,,,,,,
118,1.525064,-0.384067365,Stretch Big,Zach Collins,FC,6.6,0.9,4.2,,,,,,,,,
138,2.751576002,-1.156323317,Stretch Big,Dewayne Dedmon,C,10.8,1.4,7.5,,,,,,,,,
146,3.403104205,-0.334510906,Stretch Big,Cheick Diallo,F,6,0.5,5.2,,,,,,,,,
148,2.074465042,-0.320914321,Stretch Big,Gorgui Dieng,C,6.4,0.9,4.1,,,,,,,,,
172,3.509513696,-0.334576092,Stretch Big,Kenneth Faried,FC,5.1,0.2,3.7,,,,,,,,,
173,3.614384349,-1.129912764,Stretch Big,Kenneth Faried,FC,12.9,0.7,8.3,,,,,,,,,
191,1.606610095,0.418888689,Stretch Big,Marc Gasol,C,15.7,4.7,8.6,,,,,,,,,
192,1.582610891,0.395779656,Stretch Big,Marc Gasol,C,9.1,3.9,6.7,,,,,,,,,
193,3.121315173,0.085871427,Stretch Big,Pau Gasol,CF,4.2,1.9,4.7,,,,,,,,,
196,2.372350046,-0.592945451,Stretch Big,Taj Gibson,F,10.8,1.2,6.5,,,,,,,,,
211,2.174153322,-1.495420932,Stretch Big,JaMychal Green,F,9.8,0.9,6.1,,,,,,,,,
212,2.675036438,-1.903198965,Stretch Big,JaMychal Green,F,8.7,0.6,6.6,,,,,,,,,
231,2.071486926,-1.448680247,Stretch Big,Udonis Haslem,F,2.5,0.2,2.7,,,,,,,,,
233,3.08450247,-0.416465931,Stretch Big,John Henson,F,5.6,1,5.1,,,,,,,,,
235,2.966112162,-0.344442727,Stretch Big,Willy Hernangomez,C,7.3,1,5.4,,,,,,,,,
254,3.454188658,-0.339769047,Stretch Big,Serge Ibaka,FC,15,1.3,8.1,,,,,,,,,
274,1.754361916,0.663464179,Stretch Big,Amir Johnson,CF,3.9,1.2,2.9,,,,,,,,,
287,1.878534813,-0.712185558,Stretch Big,Jemerrio Jones,F,4.5,2.2,8.2,,,,,,,,,
293,3.505612406,-0.588802417,Stretch Big,Enes Kanter,C,14,1.9,10.5,,,,,,,,,
294,3.52283134,-0.374101945,Stretch Big,Enes Kanter,C,13.1,1.4,8.6,,,,,,,,,
297,1.759643455,-0.745419843,Stretch Big,Maxi Kleber,F,6.8,1,4.6,,,,,,,,,
318,2.094048247,-0.370603087,Stretch Big,Alex Len,C,11.1,1.1,5.5,,,,,,,,,
320,1.794556324,-0.169167897,Stretch Big,Meyers Leonard,FC,5.9,1.2,3.8,,,,,,,,,
321,1.861386571,0.41109998,Stretch Big,Jon Leuer,F,3.8,0.3,2.4,,,,,,,,,
328,2.297063932,-0.722690453,Stretch Big,Brook Lopez,C,12.5,1.2,4.9,,,,,,,,,
330,3.276042501,-1.332088169,Stretch Big,Kevin Love,FC,17,2.2,10.9,,,,,,,,,
339,1.730774497,-0.359887574,Stretch Big,Ian Mahinmi,C,4.1,0.7,3.8,,,,,,,,,
343,3.25707121,0.260247162,Stretch Big,Boban Marjanovic,C,8.2,1.5,5.1,,,,,,,,,
359,2.915471965,0.350171176,Stretch Big,Salah Mejri,C,3.9,1,3.6,,,,,,,,,
367,1.913120837,-0.817091158,Stretch Big,Paul Millsap,F,12.6,2,7.2,,,,,,,,,
370,2.199843592,-1.741463886,Stretch Big,Nikola Mirotic,F,16.7,1.1,8.3,,,,,,,,,
375,2.843934949,0.130477304,Stretch Big,Greg Monroe,C,4.8,0.4,4.1,,,,,,,,,
389,1.807561817,-0.080927084,Stretch Big,Larry Nance Jr.,F,9.4,3.2,8.2,,,,,,,,,
402,2.55312701,0.373466276,Stretch Big,Jahlil Okafor,C,8.2,0.7,4.7,,,,,,,,,
414,1.499237428,-0.050886327,Stretch Big,Jabari Parker,F,15,2.7,7.2,,,,,,,,,
431,2.214314522,0.359811406,Stretch Big,Dwight Powell,FC,10.6,1.5,5.3,,,,,,,,,
435,1.881110019,0.533257004,Stretch Big,Ivan Rabb,F,5.8,1.1,4.2,,,,,,,,,
437,1.64817728,0.1047562,Stretch Big,Julius Randle,F,21.4,3.1,8.7,,,,,,,,,
456,2.865034524,-0.465832752,Stretch Big,Domantas Sabonis,F,14.1,2.9,9.4,,,,,,,,,
481,1.760250175,-0.295610713,Stretch Big,Jason Smith,FC,3.7,1,3.1,,,,,,,,,
486,2.653012888,0.491765003,Stretch Big,Ray Spalding,F,4.2,0.4,3.7,,,,,,,,,
499,1.816109122,0.165436299,Stretch Big,Daniel Theis,F,5.7,1,3.4,,,,,,,,,
504,3.486511127,0.50258101,Stretch Big,Tristan Thompson,FC,10.9,2,10.2,,,,,,,,,
512,3.512256807,-0.048253297,Stretch Big,Myles Turner,FC,13.3,1.6,7.2,,,,,,,,,
514,3.977774117,-0.326973677,Stretch Big,Jonas Valanciunas,C,12.8,1,7.2,,,,,,,,,
516,1.950314636,0.543678643,Stretch Big,Jarred Vanderbilt,F,1.5,0.2,1.4,,,,,,,,,
518,2.139868278,-0.709078546,Stretch Big,Noah Vonleh,F,8.4,1.9,7.8,,,,,,,,,
519,3.274849789,0.396625498,Stretch Big,Nikola Vucevic,C,20.8,3.8,12,,,,,,,,,
8,-0.644793101,0.162112678,Versatile Forwards,Rawle Alkins,G,3.7,1.3,2.6,,,,,,,,,
13,-0.105864776,-0.582215034,Versatile Forwards,Justin Anderson,GF,3.7,0.5,1.8,,,,,,,,,
14,0.804313953,0.334255784,Versatile Forwards,Kyle Anderson,F,8,3,5.9,,,,,,,,,
34,-0.307028692,-0.305794236,Versatile Forwards,Will Barton,G,11.5,2.9,4.6,,,,,,,,,
36,0.033582474,-0.535875498,Versatile Forwards,Nicolas Batum,GF,9.3,3.3,5.2,,,,,,,,,
42,0.695654948,1.167432768,Versatile Forwards,Michael Beasley,F,7,1,2.3,,,,,,,,,
45,-0.369931484,-0.151505294,Versatile Forwards,DeAndre' Bembry,F,8.4,2.5,4.4,,,,,,,,,
49,-0.085760628,0.204226446,Versatile Forwards,Patrick Beverley,G,7.6,3.9,4.9,,,,,,,,,
66,0.006007678,-0.211232284,Versatile Forwards,Corey Brewer,GF,4.1,1.2,2.5,,,,,,,,,
70,-0.048705118,-0.453355958,Versatile Forwards,Ryan Broekhoff,GF,4,0.5,1.5,,,,,,,,,
71,-0.683589876,-0.151697392,Versatile Forwards,Malcolm Brogdon,G,15.6,3.2,4.5,,,,,,,,,
74,-0.648375981,0.053580466,Versatile Forwards,Troy Brown Jr.,F,4.8,1.5,2.8,,,,,,,,,
78,-0.244875612,-0.456241961,Versatile Forwards,Sterling Brown,G,6.4,1.4,3.2,,,,,,,,,
86,-0.172588207,-0.505708147,Versatile Forwards,Alec Burks,G,11.6,2.9,5.5,,,,,,,,,
87,-0.053070361,0.443299394,Versatile Forwards,Alec Burks,G,1.7,0.8,1.7,,,,,,,,,
102,0.204663668,2.029778926,Versatile Forwards,Michael CarterWilliams,G,5.4,4.1,4.8,,,,,,,,,
122,0.438505543,-0.217317508,Versatile Forwards,Pat Connaughton,G,6.9,2,4.2,,,,,,,,,
123,-0.797231778,0.127853518,Versatile Forwards,Quinn Cook,G,6.9,1.5,2.1,,,,,,,,,
140,-0.255489123,-0.470841016,Versatile Forwards,Sam Dekker,F,6.1,1,3,,,,,,,,,
147,-0.181722382,-0.277453382,Versatile Forwards,Hamidou Diallo,G,3.7,0.3,1.9,,,,,,,,,
151,-0.732481959,1.10969718,Versatile Forwards,Luka Doncic,GF,21.2,6,7.8,,,,,,,,,
155,0.800036521,-0.173715556,Versatile Forwards,PJ Dozier,GF,3.2,0.8,2.8,,,,,,,,,
160,0.436902661,1.755737505,Versatile Forwards,Kevin Durant,F,26,5.9,6.4,,,,,,,,,
187,-0.115473145,-0.340781338,Versatile Forwards,Channing Frye,FC,3.6,0.6,1.4,,,,,,,,,
201,0.363402851,-0.237677332,Versatile Forwards,Aaron Gordon,F,16,3.7,7.3,,,,,,,,,
209,0.56790037,1.437349596,Versatile Forwards,Draymond Green,F,7.4,6.9,7.3,,,,,,,,,
214,-0.050577339,0.778808567,Versatile Forwards,Blake Griffin,F,24.5,5.4,7.5,,,,,,,,,
215,-0.197401917,-0.006928097,Versatile Forwards,Daniel Hamilton,GF,3,1.2,2.5,,,,,,,,,
229,0.879363396,0.140511082,Versatile Forwards,Isaiah Hartenstein,FC,1.9,0.5,1.7,,,,,,,,,
232,-0.322001957,0.325537799,Versatile Forwards,Gordon Hayward,F,11.5,3.4,4.5,,,,,,,,,
245,0.560800492,-0.071396181,Versatile Forwards,Rondae HollisJefferson,F,8.9,1.6,5.3,,,,,,,,,
255,0.478126541,0.786746538,Versatile Forwards,Andre Iguodala,GF,5.7,3.2,3.7,,,,,,,,,
258,-0.369313409,-0.04243476,Versatile Forwards,Brandon Ingram,F,18.3,3,5.2,,,,,,,,,
265,-0.415669593,-0.255088765,Versatile Forwards,Josh Jackson,F,11.5,2.3,4.4,,,,,,,,,
276,-0.350739471,0.31259754,Versatile Forwards,James Johnson,F,7.8,2.5,3.2,,,,,,,,,
292,0.62703828,0.065417814,Versatile Forwards,Frank Kaminsky,FC,8.6,1.3,3.5,,,,,,,,,
302,0.086097244,-0.171251131,Versatile Forwards,Luke Kornet,FC,7,1.2,2.9,,,,,,,,,
303,0.179015992,0.055293048,Versatile Forwards,Kyle Korver,GF,6.8,1.1,1.8,,,,,,,,,
313,1.222289751,0.096203849,Versatile Forwards,TJ Leaf,F,3.9,0.4,2.2,,,,,,,,,
314,-0.30748611,0.313080316,Versatile Forwards,Courtney Lee,G,4.7,1.3,2.3,,,,,,,,,
319,-0.047374206,-0.518231294,Versatile Forwards,Kawhi Leonard,F,26.6,3.3,7.3,,,,,,,,,
326,0.178780757,2.260057599,Versatile Forwards,Shaun Livingston,G,4,1.8,1.8,,,,,,,,,
332,-0.221930139,0.848190197,Versatile Forwards,Jordan Loyd,G,2.4,0.5,0.8,,,,,,,,,
335,0.444993726,0.517136477,Versatile Forwards,Tyler Lydon,F,0.9,0.2,0.7,,,,,,,,,
336,0.262922868,-0.316478805,Versatile Forwards,Trey Lyles,F,8.7,1.4,3.9,,,,,,,,,
358,-0.233069651,0.030604621,Versatile Forwards,Jodie Meeks,G,6.4,1,1.5,,,,,,,,,
361,0.023739121,0.779808796,Versatile Forwards,Chimezie Metu,F,1.8,0.4,1.2,,,,,,,,,
393,0.100075217,-0.151218593,Versatile Forwards,Georges Niang,F,4,0.6,1.5,,,,,,,,,
400,-0.00974442,-0.557172826,Versatile Forwards,David Nwaba,G,6.5,1.1,3.2,,,,,,,,,
426,0.372149596,0.578764105,Versatile Forwards,Quincy Pondexter,F,1.8,0.5,0.9,,,,,,,,,
472,0.931195687,-0.040499806,Versatile Forwards,Pascal Siakam,F,16.9,3.1,6.9,,,,,,,,,
490,-0.449509875,0.154030545,Versatile Forwards,Lance Stephenson,G,7.2,2.1,3.2,,,,,,,,,
505,-0.708128252,-0.02166245,Versatile Forwards,Sindarius Thornwell,G,1,0.3,0.7,,,,,,,,,
511,0.001569176,1.574696683,Versatile Forwards,Evan Turner,GF,6.8,3.9,4.5,,,,,,,,,
521,0.052557808,-0.350717727,Versatile Forwards,Moritz Wagner,C,4.8,0.6,2,,,,,,,,,
525,-0.792866715,0.079058914,Versatile Forwards,Tyrone Wallace,G,3.5,0.7,1.6,,,,,,,,,
533,-0.761822353,0.944580123,Versatile Forwards,Derrick White,G,9.9,3.9,3.7,,,,,,,,,
